{"1": [-3.964, -6.37, 3.975], "2": [-12.172, 7.83, 3.009], "3": [4.058, 6.255, 2.933], "4": [-11.984, 24.218, 3.024], "5": [3.69, 22.509, 3.602]}
{"message": "Metirionic rf215", "time": 1729699336.5883095, "tag_id": 6, "anchor_ids": [1, 2, 3, 4, 5], "ranges": [], "timestamp": [], "timestamp_pc": []}
{"message": "Metirionic rf215", "time": 1729699339.7401507, "tag_id": 6, "anchor_ids": [1, 2, 3, 4, 5], "ranges": [], "timestamp": [], "timestamp_pc": []}
{"message": "Metirionic rf215", "time": 1729699342.8917098, "tag_id": 6, "anchor_ids": [1, 2, 3, 4, 5], "ranges": [], "timestamp": [], "timestamp_pc": []}
