{"1": [-3.964, -6.37, 3.975], "2": [-12.172, 7.83, 3.009], "3": [4.058, 6.255, 2.933], "4": [-11.984, 24.218, 3.024], "5": [3.69, 22.509, 3.602]}
{"message": "Metirionic rf215", "time": 1729698162.8841667, "tag_id": 6, "anchor_ids": [1, 2, 3, 4, 5], "ranges": [24.0, 48.88, 33.07, 42.22, 38.2], "timestamp": [10.0, 10.0, 10.0, 10.0, 10.0], "timestamp_pc": [1729698162.4997041, 1729698162.5957673, 1729698162.691755, 1729698162.7877502, 1729698162.8837583]}
{"message": "Metirionic rf215", "time": 1729698163.427387, "tag_id": 6, "anchor_ids": [1, 2, 3, 4, 5], "ranges": [27.36, 0.0, 33.07, 42.29, 38.27], "timestamp": [11.0, 0.0, 11.0, 11.0, 11.0], "timestamp_pc": [1729698163.123595, 1729698163.139728, 1729698163.2351513, 1729698163.331526, 1729698163.427014]}
{"message": "Metirionic rf215", "time": 1729698163.9880068, "tag_id": 6, "anchor_ids": [1, 2, 3, 4, 5], "ranges": [27.36, 0.0, 27.22, 42.44, 38.41], "timestamp": [11.0, 0.0, 11.0, 11.0, 11.0], "timestamp_pc": [1729698163.667629, 1729698163.6838102, 1729698163.7790804, 1729698163.8913562, 1729698163.9876542]}
{"message": "Metirionic rf215", "time": 1729698164.5315595, "tag_id": 6, "anchor_ids": [1, 2, 3, 4, 5], "ranges": [24.36, 0.0, 30.58, 36.73, 36.95], "timestamp": [12.0, 0.0, 12.0, 12.0, 12.0], "timestamp_pc": [1729698164.227413, 1729698164.2437756, 1729698164.3396306, 1729698164.4356356, 1729698164.5311577]}
{"message": "Metirionic rf215", "time": 1729698165.0925145, "tag_id": 6, "anchor_ids": [1, 2, 3, 4, 5], "ranges": [27.14, 48.88, 33.0, 33.44, 0.0], "timestamp": [12.0, 12.0, 12.0, 12.0, 0.0], "timestamp_pc": [1729698164.7876995, 1729698164.8835936, 1729698164.9790282, 1729698165.0756896, 1729698165.0921564]}
{"message": "Metirionic rf215", "time": 1729698165.5404603, "tag_id": 6, "anchor_ids": [1, 2, 3, 4, 5], "ranges": [23.85, 0.0, 31.02, 0.0, 0.0], "timestamp": [13.0, 0.0, 13.0, 0.0, 0.0], "timestamp_pc": [1729698165.331406, 1729698165.3480387, 1729698165.4435549, 1729698165.5230198, 1729698165.5401316]}
{"message": "Metirionic rf215", "time": 1729698165.9720006, "tag_id": 6, "anchor_ids": [1, 2, 3, 4, 5], "ranges": [27.51, 0.0, 32.85, 0.0, 0.0], "timestamp": [13.0, 0.0, 13.0, 0.0, 0.0], "timestamp_pc": [1729698165.7795413, 1729698165.7959294, 1729698165.8909352, 1729698165.9081337, 1729698165.9716346]}
{"message": "Metirionic rf215", "time": 1729698166.5306137, "tag_id": 6, "anchor_ids": [1, 2, 3, 4, 5], "ranges": [34.76, 48.88, 32.93, 50.93, 0.0], "timestamp": [14.0, 14.0, 14.0, 14.0, 0.0], "timestamp_pc": [1729698166.2272618, 1729698166.3235254, 1729698166.418855, 1729698166.5140636, 1729698166.530379]}
{"message": "Metirionic rf215", "time": 1729698167.0586047, "tag_id": 6, "anchor_ids": [1, 2, 3, 4, 5], "ranges": [27.0, 0.0, 30.8, 36.95, 0.0], "timestamp": [14.0, 0.0, 14.0, 14.0, 0.0], "timestamp_pc": [1729698166.7703345, 1729698166.7865155, 1729698166.882267, 1729698166.9784403, 1729698167.0583618]}
{"message": "Metirionic rf215", "time": 1729698167.6038032, "tag_id": 6, "anchor_ids": [1, 2, 3, 4, 5], "ranges": [0.0, 48.81, 31.1, 36.8, 0.0], "timestamp": [0.0, 15.0, 15.0, 15.0, 0.0], "timestamp_pc": [1729698167.2989872, 1729698167.3950455, 1729698167.4909575, 1729698167.5867937, 1729698167.6034465]}
{"message": "Metirionic rf215", "time": 1729698168.2439642, "tag_id": 6, "anchor_ids": [1, 2, 3, 4, 5], "ranges": [27.07, 48.81, 30.95, 42.15, 38.34], "timestamp": [15.0, 15.0, 15.0, 16.0, 16.0], "timestamp_pc": [1729698167.8583345, 1729698167.9555109, 1729698168.0507743, 1729698168.1475024, 1729698168.2435973]}
{"message": "Metirionic rf215", "time": 1729698168.8031714, "tag_id": 6, "anchor_ids": [1, 2, 3, 4, 5], "ranges": [27.29, 0.0, 30.8, 36.88, 38.34], "timestamp": [16.0, 0.0, 16.0, 16.0, 16.0], "timestamp_pc": [1729698168.4829435, 1729698168.5002806, 1729698168.6109645, 1729698168.7070112, 1729698168.8028042]}
{"message": "Metirionic rf215", "time": 1729698169.3472888, "tag_id": 6, "anchor_ids": [1, 2, 3, 4, 5], "ranges": [23.92, 0.0, 30.8, 36.8, 38.34], "timestamp": [16.0, 0.0, 17.0, 17.0, 17.0], "timestamp_pc": [1729698169.0429149, 1729698169.059279, 1729698169.154721, 1729698169.250874, 1729698169.3468904]}
{"message": "Metirionic rf215", "time": 1729698169.779059, "tag_id": 6, "anchor_ids": [1, 2, 3, 4, 5], "ranges": [23.92, 0.0, 0.0, 0.0, 0.0], "timestamp": [17.0, 0.0, 0.0, 0.0, 0.0], "timestamp_pc": [1729698169.602231, 1729698169.682177, 1729698169.6983485, 1729698169.7621207, 1729698169.778862]}
{"message": "Metirionic rf215", "time": 1729698170.4349737, "tag_id": 6, "anchor_ids": [1, 2, 3, 4, 5], "ranges": [23.85, 48.66, 30.58, 36.88, 36.95], "timestamp": [17.0, 18.0, 18.0, 18.0, 18.0], "timestamp_pc": [1729698170.0354161, 1729698170.1467466, 1729698170.242851, 1729698170.3386831, 1729698170.4346619]}
{"message": "Metirionic rf215", "time": 1729698170.9943688, "tag_id": 6, "anchor_ids": [1, 2, 3, 4, 5], "ranges": [27.29, 0.0, 30.8, 36.88, 36.95], "timestamp": [18.0, 0.0, 18.0, 18.0, 18.0], "timestamp_pc": [1729698170.6756353, 1729698170.6915298, 1729698170.7874603, 1729698170.8989778, 1729698170.9941885]}
{"message": "Metirionic rf215", "time": 1729698171.4592547, "tag_id": 6, "anchor_ids": [1, 2, 3, 4, 5], "ranges": [27.29, 0.0, 30.8, 0.0, 36.95], "timestamp": [19.0, 0.0, 19.0, 0.0, 19.0], "timestamp_pc": [1729698171.2347257, 1729698171.2513542, 1729698171.3466585, 1729698171.363209, 1729698171.458824]}
{"message": "Metirionic rf215", "time": 1729698172.0999374, "tag_id": 6, "anchor_ids": [1, 2, 3, 4, 5], "ranges": [24.14, 48.81, 30.8, 36.95, 36.88], "timestamp": [19.0, 19.0, 19.0, 19.0, 20.0], "timestamp_pc": [1729698171.714972, 1729698171.8114069, 1729698171.9069545, 1729698172.003036, 1729698172.0995646]}
{"message": "Metirionic rf215", "time": 1729698172.6594412, "tag_id": 6, "anchor_ids": [1, 2, 3, 4, 5], "ranges": [27.29, 48.81, 32.93, 0.0, 36.95], "timestamp": [20.0, 20.0, 20.0, 0.0, 20.0], "timestamp_pc": [1729698172.3555017, 1729698172.4515517, 1729698172.5474434, 1729698172.5642374, 1729698172.6590405]}
{"message": "Metirionic rf215", "time": 1729698173.1084447, "tag_id": 6, "anchor_ids": [1, 2, 3, 4, 5], "ranges": [27.29, 0.0, 31.1, 0.0, 0.0], "timestamp": [20.0, 0.0, 20.0, 0.0, 0.0], "timestamp_pc": [1729698172.8988998, 1729698172.915339, 1729698173.0114079, 1729698173.0913072, 1729698173.1080935]}
{"message": "Metirionic rf215", "time": 1729698173.6679227, "tag_id": 6, "anchor_ids": [1, 2, 3, 4, 5], "ranges": [27.29, 48.95, 0.0, 36.66, 36.95], "timestamp": [21.0, 21.0, 0.0, 21.0, 21.0], "timestamp_pc": [1729698173.3633666, 1729698173.4595044, 1729698173.47609, 1729698173.5714707, 1729698173.66754]}
{"message": "Metirionic rf215", "time": 1729698174.2278066, "tag_id": 6, "anchor_ids": [1, 2, 3, 4, 5], "ranges": [27.29, 0.0, 33.0, 36.8, 36.88], "timestamp": [21.0, 0.0, 21.0, 22.0, 22.0], "timestamp_pc": [1729698173.9234476, 1729698173.940157, 1729698174.035558, 1729698174.131414, 1729698174.227425]}
{"message": "Metirionic rf215", "time": 1729698174.771822, "tag_id": 6, "anchor_ids": [1, 2, 3, 4, 5], "ranges": [27.44, 0.0, 31.02, 36.73, 36.95], "timestamp": [22.0, 0.0, 22.0, 22.0, 22.0], "timestamp_pc": [1729698174.4668734, 1729698174.4839227, 1729698174.5789602, 1729698174.675327, 1729698174.7714412]}
{"message": "Metirionic rf215", "time": 1729698175.3302393, "tag_id": 6, "anchor_ids": [1, 2, 3, 4, 5], "ranges": [27.44, 0.0, 33.0, 36.73, 38.27], "timestamp": [22.0, 0.0, 23.0, 23.0, 23.0], "timestamp_pc": [1729698175.0273995, 1729698175.0439732, 1729698175.1388826, 1729698175.2348974, 1729698175.3300774]}
{"message": "Metirionic rf215", "time": 1729698175.9064746, "tag_id": 6, "anchor_ids": [1, 2, 3, 4, 5], "ranges": [0.0, 0.0, 30.8, 36.73, 36.95], "timestamp": [0.0, 0.0, 23.0, 23.0, 23.0], "timestamp_pc": [1729698175.6021912, 1729698175.6182146, 1729698175.7141755, 1729698175.810218, 1729698175.9062548]}
{"message": "Metirionic rf215", "time": 1729698176.4342558, "tag_id": 6, "anchor_ids": [1, 2, 3, 4, 5], "ranges": [0.0, 48.88, 33.15, 0.0, 0.0],