{"1": [-3.964, -6.37, 3.975], "2": [-12.172, 7.83, 3.009], "3": [4.058, 6.255, 2.933], "4": [-11.984, 24.218, 3.024], "5": [3.69, 22.509, 3.602]}
{"message": "Metirionic rf215", "time": 1729699079.0183327, "tag_id": 6, "anchor_ids": [1, 2, 3, 4, 5], "ranges": [7.83, 14.56, 0.0, 29.49, 31.46], "timestamp": [51.0, 51.0, 0.0, 51.0, 51.0], "timestamp_pc": [1729699078.6022582, 1729699078.6980138, 1729699078.8267095, 1729699078.9227571, 1729699079.018159]}
{"message": "Metirionic rf215", "time": 1729699079.4678528, "tag_id": 6, "anchor_ids": [1, 2, 3, 4, 5], "ranges": [7.83, 0.0, 0.0, 0.0, 31.54], "timestamp": [51.0, 0.0, 0.0, 0.0, 52.0], "timestamp_pc": [1729699079.2592509, 1729699079.2759726, 1729699079.3551633, 1729699079.371882, 1729699079.4674401]}
{"message": "Metirionic rf215", "time": 1729699080.0115228, "tag_id": 6, "anchor_ids": [1, 2, 3, 4, 5], "ranges": [4.02, 0.0, 20.27, 32.78, 31.54], "timestamp": [52.0, 0.0, 52.0, 52.0, 52.0], "timestamp_pc": [1729699079.707032, 1729699079.7240717, 1729699079.8187518, 1729699079.914782, 1729699080.0111666]}
{"message": "Metirionic rf215", "time": 1729699080.4743497, "tag_id": 6, "anchor_ids": [1, 2, 3, 4, 5], "ranges": [3.95, 0.0, 20.12, 0.0, 31.54], "timestamp": [52.0, 0.0, 52.0, 0.0, 53.0], "timestamp_pc": [1729699080.2511148, 1729699080.2672179, 1729699080.3626451, 1729699080.3795993, 1729699080.4741304]}
{"message": "Metirionic rf215", "time": 1729699081.019599, "tag_id": 6, "anchor_ids": [1, 2, 3, 4, 5], "ranges": [4.17, 0.0, 20.12, 32.71, 31.54], "timestamp": [53.0, 0.0, 53.0, 53.0, 53.0], "timestamp_pc": [1729699080.714304, 1729699080.7303147, 1729699080.827258, 1729699080.9234567, 1729699081.0192292]}
{"message": "Metirionic rf215", "time": 1729699081.563588, "tag_id": 6, "anchor_ids": [1, 2, 3, 4, 5], "ranges": [4.17, 0.0, 23.49, 32.93, 31.68], "timestamp": [53.0, 0.0, 53.0, 54.0, 54.0], "timestamp_pc": [1729699081.2594545, 1729699081.2761195, 1729699081.371008, 1729699081.4671679, 1729699081.563223]}
{"message": "Metirionic rf215", "time": 1729699082.0285513, "tag_id": 6, "anchor_ids": [1, 2, 3, 4, 5], "ranges": [7.83, 0.0, 20.12, 32.78, 0.0], "timestamp": [54.0, 0.0, 54.0, 54.0, 0.0], "timestamp_pc": [1729699081.8032398, 1729699081.8198118, 1729699081.9154563, 1729699082.0114074, 1729699082.0281963]}
{"message": "Metirionic rf215", "time": 1729699082.6671572, "tag_id": 6, "anchor_ids": [1, 2, 3, 4, 5], "ranges": [7.61, 14.19, 20.12, 32.71, 31.61], "timestamp": [54.0, 54.0, 55.0, 55.0, 55.0], "timestamp_pc": [1729699082.2825372, 1729699082.378104, 1729699082.4745295, 1729699082.5705886, 1729699082.6667254]}
{"message": "Metirionic rf215", "time": 1729699083.2109487, "tag_id": 6, "anchor_ids": [1, 2, 3, 4, 5], "ranges": [7.02, 0.0, 20.12, 32.71, 31.61], "timestamp": [55.0, 0.0, 55.0, 55.0, 55.0], "timestamp_pc": [1729699082.9064906, 1729699082.9229462, 1729699083.0185082, 1729699083.1151478, 1729699083.210576]}
{"message": "Metirionic rf215", "time": 1729699083.7555416, "tag_id": 6, "anchor_ids": [1, 2, 3, 4, 5], "ranges": [7.31, 0.0, 20.05, 32.63, 31.61], "timestamp": [56.0, 0.0, 56.0, 56.0, 56.0], "timestamp_pc": [1729699083.4511878, 1729699083.4679308, 1729699083.5622287, 1729699083.659262, 1729699083.7551365]}
{"message": "Metirionic rf215", "time": 1729699084.2996476, "tag_id": 6, "anchor_ids": [1, 2, 3, 4, 5], "ranges": [7.53, 0.0, 19.97, 32.71, 31.61], "timestamp": [56.0, 0.0, 56.0, 56.0, 56.0], "timestamp_pc": [1729699083.9948056, 1729699084.011758, 1729699084.10677, 1729699084.2028203, 1729699084.2992122]}
{"message": "Metirionic rf215", "time": 1729699084.8422596, "tag_id": 6, "anchor_ids": [1, 2, 3, 4, 5], "ranges": [7.53, 0.0, 20.19, 32.78, 31.61], "timestamp": [57.0, 0.0, 57.0, 57.0, 57.0], "timestamp_pc": [1729699084.5387344, 1729699084.5544693, 1729699084.650312, 1729699084.7466528, 1729699084.8420238]}
{"message": "Metirionic rf215", "time": 1729699085.386802, "tag_id": 6, "anchor_ids": [1, 2, 3, 4, 5], "ranges": [7.39, 0.0, 20.05, 32.71, 31.61], "timestamp": [57.0, 0.0, 57.0, 57.0, 57.0], "timestamp_pc": [1729699085.0826542, 1729699085.0992723, 1729699085.1946926, 1729699085.2904863, 1729699085.3864717]}
{"message": "Metirionic rf215", "time": 1729699085.850943, "tag_id": 6, "anchor_ids": [1, 2, 3, 4, 5], "ranges": [7.61, 0.0, 20.12, 0.0, 31.61], "timestamp": [58.0, 0.0, 58.0, 0.0, 58.0], "timestamp_pc": [1729699085.6267693, 1729699085.643238, 1729699085.7386336, 1729699085.755922, 1729699085.8505785]}
{"message": "Metirionic rf215", "time": 1729699086.3955855, "tag_id": 6, "anchor_ids": [1, 2, 3, 4, 5], "ranges": [7.68, 0.0, 20.12, 32.71, 31.61], "timestamp": [58.0, 0.0, 58.0, 58.0, 58.0], "timestamp_pc": [1729699086.0903635, 1729699086.10735, 1729699086.2032988, 1729699086.2992108, 1729699086.3951828]}
{"message": "Metirionic rf215", "time": 1729699089.7626662, "tag_id": 6, "anchor_ids": [1, 2, 3, 4, 5], "ranges": [7.75, 0.0, 0.0], "timestamp": [59.0, 0.0, 0.0], "timestamp_pc": [1729699086.6346161, 1729699086.651917, 1729699086.74728]}
{"message": "Metirionic rf215", "time": 1729699090.3953102, "tag_id": 6, "anchor_ids": [1, 2, 3, 4, 5], "ranges": [7.61, 14.27, 20.12, 35.71, 31.39], "timestamp": [2.0, 2.0, 2.0, 2.0, 2.0], "timestamp_pc": [1729699090.010385, 1729699090.1069856, 1729699090.2025461, 1729699090.2988768, 1729699090.3949354]}
{"message": "Metirionic rf215", "time": 1729699090.8432071, "tag_id": 6, "anchor_ids": [1, 2, 3, 4, 5], "ranges": [7.75, 0.0, 0.0, 0.0, 31.46], "timestamp": [3.0, 0.0, 0.0, 0.0, 3.0], "timestamp_pc": [1729699090.634506, 1729699090.651194, 1729699090.7304041, 1729699090.7474563, 1729699090.842771]}
{"message": "Metirionic rf215", "time": 1729699091.3072312, "tag_id": 6, "anchor_ids": [1, 2, 3, 4, 5], "ranges": [4.09, 0.0, 20.19, 0.0, 31.61], "timestamp": [3.0, 0.0, 3.0, 0.0, 3.0], "timestamp_pc": [1729699091.082802, 1729699091.0997336, 1729699091.1951745, 1729699091.2117317, 1729699091.3068757]}
{"message": "Metirionic rf215", "time": 1729699091.8514783, "tag_id": 6, "anchor_ids": [1, 2, 3, 4, 5], "ranges": [4.02, 0.0, 20.34, 35.85, 31.83], "timestamp": [4.0, 0.0, 4.0, 4.0, 4.0], "timestamp_pc": [1729699091.5465016, 1729699091.563186, 1729699091.6583548, 1729699091.7551794, 1729699091.851134]}
{"message": "Metirionic rf215", "time": 1729699092.395016, "tag_id": 6, "anchor_ids": [1, 2, 3, 4, 5], "ranges": [4.17, 0.0, 20.71, 32.85, 31.68], "timestamp": [4.0, 0.0, 4.0, 4.0, 4.0], "timestamp_pc": [1729699092.0909429, 1729699092.1077435, 1729699092.2025023, 1729699092.2986064, 1729699092.394614]}
{"message": "Metirionic rf215", "time": 1729699092.9392622, "tag_id": 6, "anchor_ids": [1, 2, 3, 4, 5], "ranges": [7.75, 0.0, 20.56, 32.78, 31.68], "timestamp": [5.0, 0.0, 5.0, 5.0, 5.0], "timestamp_pc": [1729699092.6344912, 1729699092.6516032, 1729699092.7470582, 1729699092.8427474, 1729699092.9388628]}
{"message": "Metirionic rf215", "time": 1729699093.482881, "tag_id": 6, "anchor_ids": [1, 2, 3, 4, 5], "ranges": [4.02, 0.0, 20.19, 32.78, 31.61], "timestamp": [5.0, 0.0, 5.0, 5.0, 6.0], "timestamp_pc": [1729699093.1783924, 1729699093.195771, 1729699093.2910123, 1729699093.387054, 1729699093.482507]}
{"message": "Metirionic rf215", "time": 1729699094.0272512, "tag_id": 6, "anchor_ids": [1, 2, 3, 4, 5], "ranges": [4.09, 0.0, 20.12, 29.71, 31.61], "timestamp": [6.0, 0.0, 6.0, 6.0, 6.0], "timestamp_pc": [1729699093.7223551, 1729699093.7389836, 1729699093.8349204, 1729699093.9309068, 1729699094.026881]}
{"message": "Metirionic rf215", "time": 1729699094.571409, "tag_id": 6, "anchor_ids": [1, 2, 3, 4, 5], "ranges": [7.46, 0.0, 20.34, 32.56, 31.54], "timestamp": [6.0, 0.0, 6.0, 7.0, 7.0], "timestamp_pc": [1729699094.2664578, 1729699094.2832665, 1729699094.3791559, 1729699094.4750125, 1729699094.5710666]}
{"message": "Metirionic rf215", "time": 1729699095.115367, "tag_id": 6, "anchor_ids": [1, 2, 3, 4, 5], "ranges": [4.09, 0.0, 20.27, 32.63, 31.61], "timestamp": [7.0, 0.0, 7.0, 7.0, 7.0],