{"1": [-3.964, -6.37, 3.975], "2": [-12.172, 7.83, 3.009], "3": [4.058, 6.255, 2.933], "4": [-11.984, 24.218, 3.024], "5": [3.69, 22.509, 3.602]}
{"message": "Metirionic rf215", "time": 1729690584.1045337, "tag_id": 6, "anchor_ids": [1, 2, 3, 4, 5], "ranges": [34.61, 14.78, 21.0, 12.29, 12.14], "timestamp": [4.0, 4.0, 4.0, 4.0, 4.0], "timestamp_pc": [1729690583.7201858, 1729690583.8157325, 1729690583.9116154, 1729690584.0076118, 1729690584.1041324]}
{"message": "Metirionic rf215", "time": 1729690584.552741, "tag_id": 6, "anchor_ids": [1, 2, 3, 4, 5], "ranges": [33.58, 0.0, 21.0, 0.0, 0.0], "timestamp": [5.0, 0.0, 5.0, 0.0, 0.0], "timestamp_pc": [1729690584.3436303, 1729690584.3603463, 1729690584.4555435, 1729690584.5354912, 1729690584.552385]}
{"message": "Metirionic rf215", "time": 1729690585.095377, "tag_id": 6, "anchor_ids": [1, 2, 3, 4, 5], "ranges": [34.83, 0.0, 21.0, 12.0, 12.22], "timestamp": [5.0, 0.0, 5.0, 5.0, 5.0], "timestamp_pc": [1729690584.7914493, 1729690584.8082337, 1729690584.9035523, 1729690584.9994812, 1729690585.0951195]}
{"message": "Metirionic rf215", "time": 1729690585.6405442, "tag_id": 6, "anchor_ids": [1, 2, 3, 4, 5], "ranges": [34.98, 0.0, 21.0, 11.92, 12.14], "timestamp": [6.0, 0.0, 6.0, 6.0, 6.0], "timestamp_pc": [1729690585.335465, 1729690585.3523154, 1729690585.447164, 1729690585.5442858, 1729690585.6402066]}
{"message": "Metirionic rf215", "time": 1729690586.104016, "tag_id": 6, "anchor_ids": [1, 2, 3, 4, 5], "ranges": [34.17, 0.0, 21.0, 0.0, 12.14], "timestamp": [6.0, 0.0, 6.0, 0.0, 6.0], "timestamp_pc": [1729690585.879839, 1729690585.89659, 1729690585.9921308, 1729690586.0085945, 1729690586.1036491]}
{"message": "Metirionic rf215", "time": 1729690586.5527544, "tag_id": 6, "anchor_ids": [1, 2, 3, 4, 5], "ranges": [29.05, 0.0, 20.92, 0.0, 0.0], "timestamp": [7.0, 0.0, 7.0, 0.0, 0.0], "timestamp_pc": [1729690586.343494, 1729690586.3606958, 1729690586.455363, 1729690586.5360086, 1729690586.552429]}
{"message": "Metirionic rf215", "time": 1729690587.2079175, "tag_id": 6, "anchor_ids": [1, 2, 3, 4, 5], "ranges": [29.71, 14.63, 20.92, 12.22, 12.22], "timestamp": [7.0, 7.0, 7.0, 7.0, 7.0], "timestamp_pc": [1729690586.8075957, 1729690586.9039817, 1729690586.999669, 1729690587.1114776, 1729690587.2075472]}
{"message": "Metirionic rf215", "time": 1729690587.751686, "tag_id": 6, "anchor_ids": [1, 2, 3, 4, 5], "ranges": [29.34, 0.0, 20.85, 25.24, 12.22], "timestamp": [8.0, 0.0, 8.0, 8.0, 8.0], "timestamp_pc": [1729690587.447544, 1729690587.4644914, 1729690587.5599253, 1729690587.6553876, 1729690587.7513287]}
{"message": "Metirionic rf215", "time": 1729690588.2484887, "tag_id": 6, "anchor_ids": [1, 2, 3, 4, 5], "ranges": [29.12, 0.0, 20.92, 0.0, 0.0], "timestamp": [8.0, 0.0, 8.0, 0.0, 0.0], "timestamp_pc": [1729690587.9914768, 1729690588.0084348, 1729690588.1026876, 1729690588.2312636, 1729690588.2481399]}
{"message": "Metirionic rf215", "time": 1729690588.6953773, "tag_id": 6, "anchor_ids": [1, 2, 3, 4, 5], "ranges": [29.12, 0.0, 20.92, 0.0, 0.0], "timestamp": [9.0, 0.0, 9.0, 0.0, 0.0], "timestamp_pc": [1729690588.4872155, 1729690588.5035625, 1729690588.5989397, 1729690588.6789935, 1729690588.69522]}
{"message": "Metirionic rf215", "time": 1729690589.2397733, "tag_id": 6, "anchor_ids": [1, 2, 3, 4, 5], "ranges": [29.34, 0.0, 20.92, 12.0, 12.14], "timestamp": [9.0, 0.0, 9.0, 9.0, 9.0], "timestamp_pc": [1729690588.934929, 1729690588.9521136, 1729690589.0473266, 1729690589.1429656, 1729690589.239347]}
{"message": "Metirionic rf215", "time": 1729690589.752669, "tag_id": 6, "anchor_ids": [1, 2, 3, 4, 5], "ranges": [29.12, 0.0, 21.0, 0.0, 12.22], "timestamp": [10.0, 0.0, 10.0, 0.0, 10.0], "timestamp_pc": [1729690589.4800344, 1729690589.4965453, 1729690589.5911133, 1729690589.656024, 1729690589.7522242]}
{"message": "Metirionic rf215", "time": 1729690590.2005422, "tag_id": 6, "anchor_ids": [1, 2, 3, 4, 5], "ranges": [29.05, 0.0, 20.85, 0.0, 0.0], "timestamp": [10.0, 0.0, 10.0, 0.0, 0.0], "timestamp_pc": [1729690589.9912834, 1729690590.007853, 1729690590.1030264, 1729690590.1834412, 1729690590.2001514]}
{"message": "Metirionic rf215", "time": 1729690590.7433453, "tag_id": 6, "anchor_ids": [1, 2, 3, 4, 5], "ranges": [29.12, 0.0, 20.92, 12.14, 12.29], "timestamp": [11.0, 0.0, 11.0, 11.0, 11.0], "timestamp_pc": [1729690590.4394329, 1729690590.4560387, 1729690590.5513837, 1729690590.647493, 1729690590.742954]}
{"message": "Metirionic rf215", "time": 1729690591.2559767, "tag_id": 6, "anchor_ids": [1, 2, 3, 4, 5], "ranges": [29.27, 0.0, 20.85, 0.0, 0.0], "timestamp": [11.0, 0.0, 11.0, 0.0, 0.0], "timestamp_pc": [1729690590.9833577, 1729690591.0001287, 1729690591.0952682, 1729690591.1913784, 1729690591.2556071]}
{"message": "Metirionic rf215", "time": 1729690594.7196884, "tag_id": 6, "anchor_ids": [1, 2, 3, 4, 5], "ranges": [29.56, 0.0, 21.0, 12.07], "timestamp": [12.0, 0.0, 12.0, 12.0], "timestamp_pc": [1729690591.4961088, 1729690591.5125117, 1729690591.6079056, 1729690591.7039864]}
{"message": "Metirionic rf215", "time": 1729690597.87166, "tag_id": 6, "anchor_ids": [1, 2, 3, 4, 5], "ranges": [], "timestamp": [], "timestamp_pc": []}
{"message": "Metirionic rf215", "time": 1729690601.0236123, "tag_id": 6, "anchor_ids": [1, 2, 3, 4, 5], "ranges": [], "timestamp": [], "timestamp_pc": []}
{"message": "Metirionic rf215", "time": 1729690604.1746657, "tag_id": 6, "anchor_ids": [1, 2, 3, 4, 5], "ranges": [], "timestamp": [], "timestamp_pc": []}
